{
  "method": "0_shot_vllm_thinking=False",
  "model": "Qwen/Qwen3-4B-Instruct-2507",
  "dataset": "gsm8k/main:test",
  "eval_size": 1319,
  "accuracy": 0.8529188779378317,
  "accuracy_known_only": 0.8535660091047041,
  "unknown_frac": 0.000758150113722517,
  "total_new_tokens": 343565,
  "gen_tokens_per_sec": 1805.7604675550733,
  "total_gen_time_min": 3.171009353796641
}