{
  "method": "0_shot_vllm_thinking=False",
  "model": "Qwen/Qwen3-8B",
  "dataset": "gsm8k/main:test",
  "eval_size": 1319,
  "accuracy": 0.8764215314632298,
  "accuracy_known_only": 0.8764215314632298,
  "unknown_frac": 0.0,
  "total_new_tokens": 343415,
  "gen_tokens_per_sec": 876.347845784144,
  "total_gen_time_min": 6.5311775008837385
}